campaign_id,campaign_name,portfolio_name,last_status,active_days,total_daily_budget,impressions,clicks,ctr,spend,cpc,cpm,purchases,units_sold,sales,roas,acos,conversion_rate,aov,rpc,rpi,cpp,budget_utilization,contribution,spend_pct,sales_pct,revenue_share,campaign_share,contribution_pct,rank_by_sales,rank_by_spend
53195916546472,SB|Banner | prime day |FingerPaint|EV,No Portfolio,ENABLED,3,3000,31396,201,0.6402,1408.6200000000001,7.01,44.87,22,22,12922.22,9.1737,10.9008,10.9453,587.37,64.29,0.411588,64.03,46.95,11513.599999999999,2.1,6.69,6.69,3.48,9.13,1,14
349833362276307,SPM_Branded_Exact_EV,Branded KWs,ENABLED,3,6000,19894,164,0.8244,1992.7199999999998,12.15,100.17,21,21,10814.85,5.4272,18.4258,12.8049,514.99,65.94,0.543624,94.89,33.21,8822.130000000001,2.97,5.6,5.6,2.21,6.99,2,9
38374610858252,SPT|Finger paint|EV,No Portfolio,ENABLED,3,6000,10871,203,1.8674,3523.65,17.36,324.13,21,21,9952.91,2.8246,35.4032,10.3448,473.95,49.03,0.915547,167.79,58.73,6429.26,5.25,5.15,5.15,1.21,5.1,3,3
35955913989064,SPM|Phrase | prime day |MixASIN-1|EV,No Portfolio,ENABLED,3,6000,115221,299,0.2595,6594.7,22.06,57.24,19,19,9135.41,1.3853,72.1883,6.3545,480.81,30.55,0.079286,347.09,109.91,2540.71,9.82,4.73,4.73,12.78,2.01,4,1
154358744913062,SPM|Exact|Playdough|EV,No Portfolio,ENABLED,3,3900,12894,95,0.7368,2064.72,21.73,160.13,16,16,8624.98,4.1773,23.9388,16.8421,539.06,90.79,0.668914,129.04,52.94,6560.26,3.08,4.46,4.46,1.43,5.2,5,8
89457641769816,SPM||Finger paint|Phrase|EV,No Portfolio,ENABLED,3,9000,13184,120,0.9102,1927.0,16.06,146.16,17,17,8328.64,4.3221,23.137,14.1667,489.92,69.41,0.631723,113.35,21.41,6401.639999999999,2.87,4.31,4.31,1.46,5.08,6,10
203247723034269,SPM|FingerPaint|NewKW-1|EV,No Portfolio,ENABLED,3,1500,14317,70,0.4889,1559.75,22.28,108.94,15,15,7970.85,5.1103,19.5682,21.4286,531.39,113.87,0.55674,103.98,103.98,6411.1,2.32,4.12,4.12,1.59,5.08,7,13
527177961058816,SPM finger Paints KW/Broad Evits,Finger Paints,ENABLED,3,6000,35770,168,0.4697,4111.02,24.47,114.93,14,14,7039.3099999999995,1.7123,58.4009,8.3333,502.81,41.9,0.196794,293.64,68.52,2928.289999999999,6.12,3.64,3.64,3.97,2.32,8,2
82534089099489,SPM | Phrase KWs tgrt |--Evits,Finger Paints,ENABLED,3,2100,20885,114,0.5458,1827.1799999999998,16.03,87.49,16,16,7035.73,3.8506,25.97,14.0351,439.73,61.72,0.33688,114.2,87.01,5208.549999999999,2.72,3.64,3.64,2.32,4.13,9,11
190630060887939,SPM|PlayDough|Exact\EV,No Portfolio,ENABLED,3,6000,641,61,9.5164,2202.73,36.11,3436.4,12,13,6928.8099999999995,3.1456,31.7909,19.6721,577.4,113.59,10.809376,183.56,36.71,4726.08,3.28,3.58,3.58,0.07,3.75,10,7
257572073641830,SPM|Broad|Brush Set|EV,No Portfolio,ENABLED,3,1500,3704,53,1.4309,776.73,14.66,209.7,10,10,5079.83,6.54,15.2905,18.8679,507.98,95.85,1.371444,77.67,51.78,4303.1,1.16,2.63,2.63,0.41,3.41,11,26
119149886141956,SPT|Playdough|EV,No Portfolio,ENABLED,3,3600,4479,89,1.9871,969.9,10.9,216.54,8,8,4363.5599999999995,4.499,22.2273,8.9888,545.44,49.03,0.974226,121.24,26.94,3393.6599999999994,1.44,2.26,2.26,0.5,2.69,12,19
532504289153383,SB|PT|EV,Finger Paints,ENABLED,3,4800,17378,92,0.5294,657.6,7.15,37.84,9,9,4224.97,6.4248,15.5646,9.7826,469.44,45.92,0.243122,73.07,13.7,3567.3700000000003,0.98,2.19,2.19,1.93,2.83,13,29
362368043855713,SPA_Loose_Jupiter Sale,MIX,ENABLED,3,1050,20783,117,0.563,667.16,5.7,32.1,7,7,4083.1400000000003,6.1202,16.3394,5.9829,583.31,34.9,0.196465,95.31,63.54,3415.9800000000005,0.99,2.11,2.11,2.31,2.71,14,28
266792110500631,SPT|Self|EV,MIX,ENABLED,3,3000,5094,89,1.7472,821.08,9.23,161.19,7,7,4077.1099999999997,4.9655,20.1388,7.8652,582.44,45.81,0.800375,117.3,27.37,3256.0299999999997,1.22,2.11,2.11,0.56,2.58,15,22
59867277809947,SPM | Finger Paint Defensive KWs |--Evits,Finger Paints,ENABLED,3,2100,4720,17,0.3602,277.57,16.33,58.81,5,6,3747.81,13.5022,7.4062,29.4118,749.56,220.46,0.794028,55.51,13.22,3470.24,0.41,1.94,1.94,0.52,2.75,16,54
247280254067186,SPT|Magic paint Dust|Lattooland|EV,No Portfolio,ENABLED,2,2000,540,31,5.7407,561.94,18.13,1040.63,6,6,3574.76,6.3615,15.7197,19.3548,595.79,115.31,6.619926,93.66,28.1,3012.82,0.84,1.85,1.85,0.06,2.39,17,31
90194087082837,SPM|Braod|HighIS|FingerPaint\EV,No Portfolio,ENABLED,3,3000,11248,82,0.729,2259.52,27.56,200.88,6,6,3200.0,1.4162,70.61,7.3171,533.33,39.02,0.284495,376.59,75.32,940.48,3.37,1.66,1.66,1.25,0.75,18,6
260740121954175,SPM|Crayon|Phrase|EV,No Portfolio,ENABLED,3,2400,7589,47,0.6193,793.01,16.87,104.49,6,6,2785.05,3.512,28.4738,12.766,464.18,59.26,0.366985,132.17,33.04,1992.0400000000002,1.18,1.44,1.44,0.84,1.58,19,24
302299248446612,SPT - Paint Dust+ABC Trace | EV,MIX,ENABLED,3,2400,706,22,3.1161,177.77,8.08,251.8,6,6,2671.87,15.0299,6.6534,27.2727,445.31,121.45,3.784518,29.63,7.41,2494.1,0.26,1.38,1.38,0.08,1.98,20,69
31773483456440,SPM|Phrase|MixASIN|2|EV,No Portfolio,ENABLED,3,2550,7346,34,0.4628,343.83000000000004,10.11,46.81,5,5,2584.29,7.5162,13.3046,14.7059,516.86,76.01,0.351796,68.77,13.48,2240.46,0.51,1.34,1.34,0.81,1.78,21,42
82853388149346,Spt comp | PepPlay Store | playdough | ev,No Portfolio,ENABLED,3,3000,11310,108,0.9549,1188.81,11.01,105.11,6,6,2569.4900000000002,2.1614,46.2664,5.5556,428.25,23.79,0.227187,198.14,39.63,1380.6800000000003,1.77,1.33,1.33,1.25,1.09,22,15
52854135853657,SB|Banner|PlayDough|EV,No Portfolio,ENABLED,3,1500,12518,61,0.4873,296.52,4.86,23.69,5,5,2526.27,8.5197,11.7375,8.1967,505.25,41.41,0.201811,59.3,19.77,2229.75,0.44,1.31,1.31,1.39,1.77,23,48
70447777015054,SPM|PlayDough | prime day |EV,No Portfolio,ENABLED,3,3000,33732,181,0.5366,2329.83,12.87,69.07,4,4,2495.77,1.0712,93.3512,2.2099,623.94,13.79,0.073988,582.46,77.66,165.94000000000005,3.47,1.29,1.29,3.74,0.13,24,5
130231059183471,SPM | PHRASE | COLOURING PAGE | EV,No Portfolio,ENABLED,3,1200,3507,20,0.5703,194.56,9.73,55.48,6,6,2409.4,12.3838,8.075,30.0,401.57,120.47,0.687026,32.43,16.21,2214.84,0.29,1.25,1.25,0.39,1.76,25,64
454299066820157,SPPT|MyFirstSwingingJungleCombo|EV,Competitor PT EV,ENABLED,3,1200,48,2,4.1667,10.69,5.34,222.71,4,4,2092.83,195.7746,0.5108,200.0,523.21,1046.42,43.600625,2.67,0.89,2082.14,0.02,1.08,1.08,0.01,1.65,26,139
11947950277185,SPT|Brush Set||EV,No Portfolio,ENABLED,3,1500,1910,11,0.5759,148.79,13.53,77.9,3,5,1933.88,12.9974,7.6939,27.2727,644.63,175.81,1.012503,49.6,9.92,1785.0900000000001,0.22,1.0,1.0,0.21,1.42,27,78
191665720634014,SPM | PHRASE | prime day | finger paint | EV,No Portfolio,PAUSED,2,4000,64929,144,0.2218,3204.92,22.26,49.36,4,4,1907.82,0.5953,167.9886,2.7778,476.96,13.25,0.029383,801.23,80.12,-1297.1000000000001,4.77,0.99,0.99,7.2,-1.03,28,4
373536731066978,SB Banner Video Paints and crayons Evits,MIX,ENABLED,3,1800,2004,20,0.998,157.54000000000002,7.88,78.61,3,3,1890.8999999999999,12.0027,8.3315,15.0,630.3,94.54,0.943563,52.51,8.75,1733.36,0.23,0.98,0.98,0.22,1.37,29,75
58249036949135,SPT|FingerPaint|BRS-1|EV,No Portfolio,ENABLED,3,1275,8741,28,0.3203,443.93,15.85,50.79,4,4,1811.02,4.0795,24.5127,14.2857,452.76,64.68,0.207187,110.98,34.82,1367.09,0.66,0.94,0.94,0.97,1.08,30,35
18450504468378,SPM|FingerPaint|ExactNewKW-2|EV,No Portfolio,ENABLED,3,1275,162,14,8.642,313.18,22.37,1933.21,3,4,1767.8,5.6447,17.7158,21.4286,589.27,126.27,10.912346,104.39,24.56,1454.62,0.47,0.91,0.91,0.02,1.15,31,44
216457104421508,SPM|Exact|AllASIN|Branded|KW,No Portfolio,ENABLED,3,6000,7492,17,0.2269,192.71,11.34,25.72,4,4,1719.01,8.9202,11.2105,23.5294,429.75,101.12,0.229446,48.18,3.21,1526.3,0.29,0.89,0.89,0.83,1.21,32,65
240964410978689,SBV | COMP PT | SENSORY PLAYDOUGH | EV,No Portfolio,ENABLED,3,900,9251,54,0.5837,789.96,14.63,85.39,3,3,1611.49,2.04,49.0205,5.5556,537.16,29.84,0.174196,263.32,87.77,821.53,1.18,0.83,0.83,1.03,0.65,33,25
466236606443209,SD|PT|FingerPaints|EV,Finger Paints,ENABLED,3,1500,4861,8,0.1646,224.1,28.01,46.1,0,3,1600.0,7.1397,14.0062,0.0,,200.0,0.32915,,14.94,1375.9,0.33,0.83,0.83,0.54,1.09,34,61
195915006483249,SB|StoreFront|EV,No Portfolio,ENABLED,3,3000,3155,43,1.3629,1146.82,26.67,363.49,3,3,1582.1,1.3796,72.4872,6.9767,527.37,36.79,0.501458,382.27,38.23,435.28,1.71,0.82,0.82,0.35,0.35,35,16
176679979170193,SPM | PHRASE | Hand and Foot Print Kit | EV,No Portfolio,ENABLED,3,1200,3445,26,0.7547,166.27,6.4,48.26,3,3,1551.4199999999998,9.3307,10.7173,11.5385,517.14,59.67,0.45034,55.42,13.86,1385.1499999999999,0.25,0.8,0.8,0.38,1.1,36,72
160598947008435,SPT|Bubble|EV,No Portfolio,ENABLED,3,1275,6649,34,0.5114,444.35,13.07,66.83,3,3,1541.84,3.4699,28.8195,8.8235,513.95,45.35,0.231891,148.12,34.85,1097.4899999999998,0.66,0.8,0.8,0.74,0.87,37,34
152650728261797,SPT|Sensory Rice Kit |EV,No Portfolio,ENABLED,3,1275,1224,24,1.9608,209.56,8.73,171.21,2,2,1509.32,7.2023,13.8844,8.3333,754.66,62.89,1.233105,104.78,16.44,1299.76,0.31,0.78,0.78,0.14,1.03,38,63
183807700450097,SPT | self | asins top | ev,No Portfolio,ENABLED,3,6000,2603,18,0.6915,183.67000000000002,10.2,70.56,4,4,1477.4,8.0438,12.432,22.2222,369.35,82.08,0.567576,45.92,3.06,1293.73,0.27,0.76,0.76,0.29,1.03,39,68
136510731780676,SPT COMP | EXACT | CRAYONS FABER | EV,No Portfolio,ENABLED,3,2400,2531,61,2.4101,727.23,11.92,287.33,4,4,1471.7800000000002,2.0238,49.4116,6.5574,367.95,24.13,0.581501,181.81,30.3,744.5500000000002,1.08,0.76,0.76,0.28,0.59,40,27
470470482165433,SPM | Branded KW | New Launch | EV,Branded KWs,ENABLED,3,4800,2402,23,0.9575,238.89999999999998,10.39,99.46,3,3,1401.7,5.8673,17.0436,13.0435,467.23,60.94,0.583555,79.63,4.98,1162.8000000000002,0.36,0.73,0.73,0.27,0.92,41,59
168704135322778,SD VCPM finger paints Loop,Finger Paints,PAUSED,3,1500,11814,31,0.2624,605.48,19.53,51.25,2,2,1266.95,2.0925,47.7904,6.4516,633.48,40.87,0.107241,302.74,40.37,661.47,0.9,0.66,0.66,1.31,0.52,42,30
109068887651517,SPA|Low Sessions | Low Conversion|4|EV,Medium Sales,ENABLED,3,1275,12243,78,0.6371,371.7,4.77,30.36,3,3,1254.6299999999999,3.3754,29.6263,3.8462,418.21,16.08,0.102477,123.9,29.15,882.9299999999998,0.55,0.65,0.65,1.36,0.7,43,39
229223862032756,sd | view remarketing | ev,No Portfolio,PAUSED,3,2400,30501,69,0.2262,1569.5900000000001,22.75,51.46,3,3,1253.7,0.7987,125.1966,4.3478,417.9,18.17,0.041104,523.2,65.4,-315.8900000000001,2.34,0.65,0.65,3.38,-0.25,44,12
29101152381537,SPM|Crayon|Broad|High|IS|EV,No Portfolio,ENABLED,3,1275,4978,73,1.4665,1136.28,15.57,228.26,2,2,1227.6,1.0804,92.5611,2.7397,613.8,16.82,0.246605,568.14,89.12,91.31999999999994,1.69,0.64,0.64,0.55,0.07,45,17
544846735738819,SPM | Phrase | Painting Kit | EV,Finger Paints,ENABLED,3,900,9919,63,0.6351,449.02,7.13,45.27,3,3,1142.8600000000001,2.5452,39.2892,4.7619,380.95,18.14,0.115219,149.67,49.89,693.8400000000001,0.67,0.59,0.59,1.1,0.55,46,32
148717529917684,SPM|Sensory Rice Kit |EV,No Portfolio,PAUSED,3,1275,2031,33,1.6248,295.14,8.94,145.32,1,2,1121.9,3.8012,26.3072,3.0303,1121.9,34.0,0.552388,295.14,23.15,826.7600000000001,0.44,0.58,0.58,0.23,0.66,47,49
473350929501931,SPT|Self|Crayon|EV,Crayons EV,ENABLED,3,4200,994,16,1.6097,176.81,11.05,177.88,3,3,1121.3000000000002,6.3418,15.7683,18.75,373.77,70.08,1.128068,58.94,4.21,944.4900000000002,0.26,0.58,0.58,0.11,0.75,48,70
232590085672905,SPT | COMP | COLOURING PAGE | EV,No Portfolio,ENABLED,3,1200,1284,11,0.8567,84.50999999999999,7.68,65.82,2,2,996.8899999999999,11.7961,8.4774,18.1818,498.44,90.63,0.776394,42.26,7.04,912.3799999999999,0.13,0.52,0.52,0.14,0.72,49,94
558169419315915,SPM|Stencil|BrandedKWPhrase|EV,Stencil,ENABLED,3,900,3742,8,0.2138,101.6,12.7,27.15,3,3,983.04,9.6756,10.3353,37.5,327.68,122.88,0.262704,33.87,11.29,881.4399999999999,0.15,0.51,0.51,0.42,0.7,50,90
342340840604120,SPM | KT | Broad | Brand | All Asin | EV,Branded KWs,ENABLED,3,1950,1268,11,0.8675,103.67,9.42,81.76,2,2,973.08,9.3863,10.6538,18.1818,486.54,88.46,0.767413,51.84,5.32,869.4100000000001,0.15,0.5,0.5,0.14,0.69,51,89
367062819319868,SPA|Crayon|AmazonPI|EV,Crayons EV,ENABLED,3,1500,3934,6,0.1525,32.85,5.48,8.35,2,2,853.67,25.9869,3.8481,33.3333,426.84,142.28,0.216998,16.42,2.19,820.8199999999999,0.05,0.44,0.44,0.44,0.65,52,115
104835423946722,SBV | DESSERT PAINT | EV,No Portfolio,PAUSED,3,1500,23126,114,0.493,841.6400000000001,7.38,36.39,2,2,845.76,1.0049,99.5129,1.7544,422.88,7.42,0.036572,420.82,56.11,4.119999999999891,1.25,0.44,0.44,2.56,0.0,53,20
433162632308333,SPM|FingerPaints|CompKW|EV,Finger Paints,PAUSED,3,7500,8751,23,0.2628,280.3,12.19,32.03,2,2,840.68,2.9992,33.3421,8.6957,420.34,36.55,0.096067,140.15,3.74,560.3799999999999,0.42,0.43,0.43,0.97,0.44,54,52
265370402119116,SPM|finger paint|B0CTHWVRJY|EV,No Portfolio,ENABLED,3,1275,516,13,2.5194,306.59000000000003,23.58,594.17,2,2,840.68,2.742,36.4693,15.3846,420.34,64.67,1.629225,153.3,24.05,534.0899999999999,0.46,0.43,0.43,0.06,0.42,54,47
194327606444428,SPT|All in one paint kit|EV,No Portfolio,ENABLED,3,2400,2107,34,1.6137,288.19,8.48,136.78,2,2,829.86,2.8796,34.7275,5.8824,414.93,24.41,0.393859,144.1,12.01,541.6700000000001,0.43,0.43,0.43,0.23,0.43,56,51
145416888791707,SPM|PlayDough|CVR|Phrase|EV,No Portfolio,ENABLED,3,1275,110,3,2.7273,22.29,7.43,202.64,2,2,770.82,34.5814,2.8917,66.6667,385.41,256.94,7.007455,11.14,1.75,748.5300000000001,0.03,0.4,0.4,0.01,0.59,57,126
151128051182679,SPM|Finger paint and brush|Phrase|EV,No Portfolio,ENABLED,3,1275,2465,12,0.4868,185.26,15.44,75.16,1,1,759.32,4.0987,24.3981,8.3333,759.32,63.28,0.308041,185.26,14.53,574.0600000000001,0.28,0.39,0.39,0.27,0.46,58,67
346140415952893,SPT| TopAsin |EV,MIX,ENABLED,3,1500,801,10,1.2484,140.25,14.02,175.09,2,2,732.2,5.2207,19.1546,20.0,366.1,73.22,0.914107,70.12,9.35,591.95,0.21,0.38,0.38,0.09,0.47,59,82
284910278463143,SPPT|Brush|Comp|EV,Brush,ENABLED,3,1500,219,4,1.8265,40.65,10.16,185.62,2,2,732.2,18.0123,5.5518,50.0,366.1,183.05,3.343379,20.32,2.71,691.5500000000001,0.06,0.38,0.38,0.02,0.55,59,108
13287456874249,SBV on Crayons beeswax - pack of 8,MIX,ENABLED,3,1218,1807,6,0.332,81.39,13.56,45.04,2,2,700.96,8.6124,11.6112,33.3333,350.48,116.83,0.387914,40.7,6.68,619.57,0.12,0.36,0.36,0.2,0.49,61,96
121128522600745,SPT|Crayon|EV,No Portfolio,PAUSED,3,3000,9589,28,0.292,308.08,11.0,32.13,2,2,700.96,2.2753,43.9512,7.1429,350.48,25.03,0.0731,154.04,10.27,392.88000000000005,0.46,0.36,0.36,1.06,0.31,61,45
277990454199457,SPM|Playdough|Phrase|EV,No Portfolio,PAUSED,3,3000,10570,53,0.5014,1076.3400000000001,20.31,101.83,1,1,700.85,0.6511,153.5764,1.8868,700.85,13.22,0.066306,1076.34,35.88,-375.4900000000001,1.6,0.36,0.36,1.17,-0.3,63,18
132208059278681,SPT|B09WMGR9M8|Market Basket Analysis|EV,No Portfolio,ENABLED,3,1275,998,21,2.1042,224.54000000000002,10.69,224.99,2,2,655.24,2.9181,34.2684,9.5238,327.62,31.2,0.656553,112.27,17.61,430.7,0.33,0.34,0.34,0.11,0.34,64,60
24688243279829,SPM|Magic Paint Dust|Phrase|EV,No Portfolio,PAUSED,3,6000,7648,61,0.7976,826.3299999999999,13.55,108.05,1,1,560.95,0.6788,147.309,1.6393,560.95,9.2,0.073346,826.33,13.77,-265.3799999999999,1.23,0.29,0.29,0.85,-0.21,65,21
347410518250505,SBV|NewVideo|PlayDough|EV,Play Dough,ENABLED,3,1500,1653,20,1.2099,256.18,12.81,154.98,1,1,560.17,2.1866,45.7325,5.0,560.17,28.01,0.338881,256.18,17.08,303.98999999999995,0.38,0.29,0.29,0.18,0.24,66,57
283803922216826,SD|PT|Reach|EV,MIX,PAUSED,3,1500,8050,13,0.1615,315.02,24.23,39.13,1,1,560.16,1.7782,56.2375,7.6923,560.16,43.09,0.069585,315.02,21.0,245.14,0.47,0.29,0.29,0.89,0.19,67,43
234611538259472,SBV|MagicPaint|Test|EV,No Portfolio,ENABLED,3,3000,157,3,1.9108,30.810000000000002,10.27,196.24,1,1,550.0,17.8513,5.6018,33.3333,550.0,183.33,3.503185,30.81,1.03,519.19,0.05,0.28,0.28,0.02,0.41,68,117
208411996321381,SPT | COMP | Hand and Foot Print Kit | EV,No Portfolio,ENABLED,3,1200,1033,34,3.2914,252.47,7.43,244.4,1,1,517.14,2.0483,48.8204,2.9412,517.14,15.21,0.50062,252.47,21.04,264.66999999999996,0.38,0.27,0.27,0.11,0.21,69,58
278209549281730,SBV|B0FMFR1ZVN|NewPlayDough|EV,No Portfolio,PAUSED,3,1500,1826,12,0.6572,149.57,12.46,81.91,1,1,431.36,2.884,34.6741,8.3333,431.36,35.95,0.236232,149.57,9.97,281.79,0.22,0.22,0.22,0.2,0.22,70,77
302790106560286,SBV|Starter Painting Fun Pack|EV,Finger Paints,ENABLED,3,4200,4607,45,0.9768,294.7,6.55,63.97,1,1,420.34,1.4263,70.1099,2.2222,420.34,9.34,0.091239,294.7,7.02,125.63999999999999,0.44,0.22,0.22,0.51,0.1,71,50
380246967831778,SPM_Branded_Phrase_KW,Branded KWs,ENABLED,3,3600,3281,28,0.8534,402.67,14.38,122.73,1,1,420.34,1.0439,95.7963,3.5714,420.34,15.01,0.128113,402.67,11.19,17.66999999999996,0.6,0.22,0.22,0.36,0.01,71,36
81595854226365,SPM|Colouring Page|EV,No Portfolio,ENABLED,3,1275,4880,14,0.2869,278.28,19.88,57.02,1,1,420.34,1.5105,66.2035,7.1429,420.34,30.02,0.086135,278.28,21.83,142.06,0.41,0.22,0.22,0.54,0.11,71,53
422753227659504,SP_CT_Starter_fingerpaints_painting_EV,Finger Paints,PAUSED,3,600,5036,82,1.6283,797.9100000000001,9.73,158.44,1,1,409.52,0.5132,194.8403,1.2195,409.52,4.99,0.081319,797.91,132.99,-388.3900000000001,1.19,0.21,0.21,0.56,-0.31,74,23
514027701504449,SPA | Bubble Magic | EV,Bubbles EV,ENABLED,3,900,2139,7,0.3273,64.89999999999999,9.27,30.34,1,1,408.58,6.2955,15.8843,14.2857,408.58,58.37,0.191014,64.9,7.21,343.68,0.1,0.21,0.21,0.24,0.27,75,98
207071411420152,spt comp | exact | doms crayons | ev,No Portfolio,ENABLED,3,600,12,1,8.3333,7.57,7.57,630.83,1,1,350.48,46.2985,2.1599,100.0,350.48,350.48,29.206667,7.57,1.26,342.91,0.01,0.18,0.18,0.0,0.27,76,145
11899110441208,SPM|Exact|B07T516S4Y|EV,No Portfolio,ENABLED,3,1500,265,12,4.5283,269.65,22.47,1017.55,1,1,350.48,1.2998,76.9373,8.3333,350.48,29.21,1.322566,269.65,17.98,80.83000000000004,0.4,0.18,0.18,0.03,0.06,76,55
150034018323158,SPT|B096WGCRL3|Market Basket Analysis|EV,No Portfolio,ENABLED,3,1275,5,0,0.0,0.0,,0.0,0,0,0.0,,,,,,0.0,,0.0,0.0,0.0,0.0,0.0,0.0,0.0,78,155
144096496718251,SPM | SELF PT | MIX ASIN | EV,No Portfolio,PAUSED,3,900,8,0,0.0,0.0,,0.0,0,0,0.0,,,,,,0.0,,0.0,0.0,0.0,0.0,0.0,0.0,0.0,78,155
140982265020090,SPT|B07T2W496G|Market Basket Analysis|EV,No Portfolio,PAUSED,3,1050,17,0,0.0,0.0,,0.0,0,0,0.0,,,,,,0.0,,0.0,0.0,0.0,0.0,0.0,0.0,0.0,78,155
14266908817652,SPM|Phrase|PlayDOughAll|EV,No Portfolio,PAUSED,3,1275,5792,20,0.3453,307.15999999999997,15.36,53.03,0,0,0.0,0.0,,0.0,,0.0,0.0,,24.09,-307.15999999999997,0.46,0.0,0.0,0.64,-0.24,78,46
143418681856266,SPM|FingerPaint|B0CTHWVRJY|Exact|EV,No Portfolio,ENABLED,3,1500,12,0,0.0,0.0,,0.0,0,0,0.0,,,,,,0.0,,0.0,0.0,0.0,0.0,0.0,0.0,0.0,78,155
129285683076529,SPM|Phase|Crayon|EV,No Portfolio,PAUSED,3,2400,35,1,2.8571,21.4,21.4,611.43,0,0,0.0,0.0,,0.0,,0.0,0.0,,0.89,-21.4,0.03,0.0,0.0,0.0,-0.02,78,128
107307762064699,sbv | pt comp | sensory play dough | ev,No Portfolio,PAUSED,3,900,117,2,1.7094,10.24,5.12,87.52,0,0,0.0,0.0,,0.0,,0.0,0.0,,1.14,-10.24,0.02,0.0,0.0,0.01,-0.01,78,140
111841553039297,SPM | PHRASE | BRUSH | EV,No Portfolio,PAUSED,3,1350,2991,4,0.1337,34.14,8.54,11.41,0,0,0.0,0.0,,0.0,,0.0,0.0,,2.53,-34.14,0.05,0.0,0.0,0.33,-0.03,78,114
113910544363369,SPT|B0CV1653HN|Market Basket Analysis|EV,No Portfolio,ENABLED,2,700,4,0,0.0,0.0,,0.0,0,0,0.0,,,,,,0.0,,0.0,0.0,0.0,0.0,0.0,0.0,0.0,78,155
117336351694168,SPM|B0CV1653HN|Phrase|EV,No Portfolio,ENABLED,3,1800,59,1,1.6949,5.38,5.38,91.19,0,0,0.0,0.0,,0.0,,0.0,0.0,,0.3,-5.38,0.01,0.0,0.0,0.01,-0.0,78,151
104083670362882,SPM | BROAD | FINGER PAINT | EV,No Portfolio,PAUSED,3,900,150,2,1.3333,13.620000000000001,6.81,90.8,0,0,0.0,0.0,,0.0,,0.0,0.0,,1.51,-13.620000000000001,0.02,0.0,0.0,0.02,-0.01,78,135
134140664581910,SPM|Brush Set|Phrase|EV,No Portfolio,ENABLED,3,1275,542,0,0.0,0.0,,0.0,0,0,0.0,,,,,,0.0,,0.0,0.0,0.0,0.0,0.0,0.06,0.0,78,155
137579869166904,SD|PT|Self|EV,No Portfolio,PAUSED,3,1500,1772,3,0.1693,41.55,13.85,23.45,0,0,0.0,0.0,,0.0,,0.0,0.0,,2.77,-41.55,0.06,0.0,0.0,0.2,-0.03,78,105
138409774871727,spt comp | exact | luxor crayons | ev,No Portfolio,ENABLED,3,600,53,1,1.8868,1.34,1.34,25.28,0,0,0.0,0.0,,0.0,,0.0,0.0,,0.22,-1.34,0.0,0.0,0.0,0.01,-0.0,78,154
129312139789794,SPM|Exact|FingerPaing|EV,No Portfolio,PAUSED,3,1275,36,0,0.0,0.0,,0.0,0,0,0.0,,,,,,0.0,,0.0,0.0,0.0,0.0,0.0,0.0,0.0,78,155
116531586885885,SPT||B0CV17BBLG|Market Basket Analysis|EV,No Portfolio,ENABLED,3,1200,30,0,0.0,0.0,,0.0,0,0,0.0,,,,,,0.0,,0.0,0.0,0.0,0.0,0.0,0.0,0.0,78,155
11637833927236,SPM|Exact|MagicPaintDust|EV,No Portfolio,PAUSED,3,6000,2230,22,0.9865,353.56,16.07,158.55,0,0,0.0,0.0,,0.0,,0.0,0.0,,5.89,-353.56,0.53,0.0,0.0,0.25,-0.28,78,40
119634449447071,SD|Low Sessions | Low Conversion|EV,No Portfolio,PAUSED,3,600,418,0,0.0,0.0,,0.0,0,0,0.0,,,,,,0.0,,0.0,0.0,0.0,0.0,0.0,0.05,0.0,78,155
121649176852077,SPM|LowImpression|PlayDough|EV,No Portfolio,PAUSED,3,1275,2906,30,1.0323,402.26,13.41,138.42,0,0,0.0,0.0,,0.0,,0.0,0.0,,31.55,-402.26,0.6,0.0,0.0,0.32,-0.32,78,37
123352051178567,SPM|HighImpression|FingerPaint|EV,No Portfolio,PAUSED,3,1275,7,0,0.0,0.0,,0.0,0,0,0.0,,,,,,0.0,,0.0,0.0,0.0,0.0,0.0,0.0,0.0,78,155
126579192462464,spt | comp | Funskool Store | ev,No Portfolio,PAUSED,3,900,70,4,5.7143,58.04,14.51,829.14,0,0,0.0,0.0,,0.0,,0.0,0.0,,6.45,-58.04,0.09,0.0,0.0,0.01,-0.05,78,101
106502393393870,SPM \ phrase | top asins | ev,No Portfolio,PAUSED,3,1275,251,1,0.3984,6.83,6.83,27.21,0,0,0.0,0.0,,0.0,,0.0,0.0,,0.54,-6.83,0.01,0.0,0.0,0.03,-0.01,78,146
255385106500028,SPT | COMP | BRUSH | EV,No Portfolio,ENABLED,3,1350,306,0,0.0,0.0,,0.0,0,0,0.0,,,,,,0.0,,0.0,0.0,0.0,0.0,0.0,0.03,0.0,78,155
253109416973395,SPT|FingerPaint|New|EV,No Portfolio,PAUSED,3,2400,146,1,0.6849,10.7,10.7,73.29,0,0,0.0,0.0,,0.0,,0.0,0.0,,0.45,-10.7,0.02,0.0,0.0,0.02,-0.01,78,138
250329551530843,SPM|Exact|EV|B07T516S4Y|EV,No Portfolio,PAUSED,2,1000,1,0,0.0,0.0,,0.0,0,0,0.0,,,,,,0.0,,0.0,0.0,0.0,0.0,0.0,0.0,0.0,78,155
248653071304451,SPM|Combos|EV,No Portfolio,PAUSED,3,2400,16,0,0.0,0.0,,0.0,0,0,0.0,,,,,,0.0,,0.0,0.0,0.0,0.0,0.0,0.0,0.0,78,155
246957273103533,SPM|Phrase|All in one paint kit|EV,No Portfolio,ENABLED,3,2925,75,0,0.0,0.0,,0.0,0,0,0.0,,,,,,0.0,,0.0,0.0,0.0,0.0,0.0,0.01,0.0,78,155
242931074268465,SPM|My ABC Trace & Colour Kit |Phrase|EV,No Portfolio,ENABLED,3,600,1174,6,0.5111,107.26,17.88,91.36,0,0,0.0,0.0,,0.0,,0.0,0.0,,17.88,-107.26,0.16,0.0,0.0,0.13,-0.09,78,88
236994616752429,SPM|Phrase|KW|Crayon|EV,Crayons EV,ENABLED,3,1275,1064,4,0.3759,49.32,12.33,46.35,0,0,0.0,0.0,,0.0,,0.0,0.0,,3.87,-49.32,0.07,0.0,0.0,0.12,-0.04,78,102
24070394726923,SPM | phrase | Playdough | ev,No Portfolio,ENABLED,3,1275,440,1,0.2273,11.69,11.69,26.57,0,0,0.0,0.0,,0.0,,0.0,0.0,,0.92,-11.69,0.02,0.0,0.0,0.05,-0.01,78,137
233255998804250,SPM | COMP | THOOVI | FINGERPAINT | EV,No Portfolio,ENABLED,3,1200,8,0,0.0,0.0,,0.0,0,0,0.0,,,,,,0.0,,0.0,0.0,0.0,0.0,0.0,0.0,0.0,78,155
234981482573654,SPT|B0B1DT53X9|Market Basket Analysis|EV,No Portfolio,PAUSED,3,1050,4,1,25.0,6.34,6.34,1585.0,0,0,0.0,0.0,,0.0,,0.0,0.0,,0.6,-6.34,0.01,0.0,0.0,0.0,-0.01,78,149
236659227709469,SPM|Phrase Dabble|B07T516S4Y|EV,No Portfolio,ENABLED,3,1500,662,0,0.0,0.0,,0.0,0,0,0.0,,,,,,0.0,,0.0,0.0,0.0,0.0,0.0,0.07,0.0,78,155
212551373579687,SPM | PHRASE | My ABC Trace & Colour Kit  | EV,No Portfolio,ENABLED,2,700,7,0,0.0,0.0,,0.0,0,0,0.0,,,,,,0.0,,0.0,0.0,0.0,0.0,0.0,0.0,0.0,78,155
213726027817300,SPT | COMP | GLUE | EV,No Portfolio,ENABLED,3,1200,8,0,0.0,0.0,,0.0,0,0,0.0,,,,,,0.0,,0.0,0.0,0.0,0.0,0.0,0.0,0.0,78,155
219320864200237,SPM | top asin | exact | ev,No Portfolio,PAUSED,2,850,19,0,0.0,0.0,,0.0,0,0,0.0,,,,,,0.0,,0.0,0.0,0.0,0.0,0.0,0.0,0.0,78,155
223886565922288,SPM|Phrase|Bubbles||EV,No Portfolio,ENABLED,3,1500,5723,15,0.2621,92.5,6.17,16.16,0,0,0.0,0.0,,0.0,,0.0,0.0,,6.17,-92.5,0.14,0.0,0.0,0.63,-0.07,78,92
231753058693712,SPT|Finger Paints|Comp|EV,Finger Paints,ENABLED,3,2700,2948,28,0.9498,444.52,15.88,150.79,0,0,0.0,0.0,,0.0,,0.0,0.0,,16.46,-444.52,0.66,0.0,0.0,0.33,-0.35,78,33
207315628827658,SD|PT|TopASIN|EV,No Portfolio,PAUSED,3,3000,321,2,0.6231,8.16,4.08,25.42,0,0,0.0,0.0,,0.0,,0.0,0.0,,0.27,-8.16,0.01,0.0,0.0,0.04,-0.01,78,144
20789723317726,SPM|Phrase| Magic Bubbles |EV,No Portfolio,PAUSED,3,1275,455,0,0.0,0.0,,0.0,0,0,0.0,,,,,,0.0,,0.0,0.0,0.0,0.0,0.0,0.05,0.0,78,155
209720014419991,SPM|Apron|Phrase|EV,No Portfolio,PAUSED,2,850,5,0,0.0,0.0,,0.0,0,0,0.0,,,,,,0.0,,0.0,0.0,0.0,0.0,0.0,0.0,0.0,78,155
210389325199036,SPT|FingerPaint|BSR-3|EV,No Portfolio,PAUSED,3,1275,1266,2,0.158,20.509999999999998,10.26,16.2,0,0,0.0,0.0,,0.0,,0.0,0.0,,1.61,-20.509999999999998,0.03,0.0,0.0,0.14,-0.02,78,129
209741811421198,SD|Audiences likely to be interested in your ad|EV,No Portfolio,PAUSED,3,1200,23919,27,0.1129,131.43,4.87,5.49,0,0,0.0,0.0,,0.0,,0.0,0.0,,10.95,-131.43,0.2,0.0,0.0,2.65,-0.1,78,84
213292163478665,SPM|Magic Paint Dust |EV,No Portfolio,PAUSED,3,1275,1650,12,0.7273,145.19,12.1,87.99,0,0,0.0,0.0,,0.0,,0.0,0.0,,11.39,-145.19,0.22,0.0,0.0,0.18,-0.12,78,79
188043233089821,SPM | PHRASE | APRON | EV,No Portfolio,ENABLED,3,1350,61,0,0.0,0.0,,0.0,0,0,0.0,,,,,,0.0,,0.0,0.0,0.0,0.0,0.0,0.01,0.0,78,155
181618713453795,SPM|Exact-2|FingerPaint|EV,No Portfolio,ENABLED,3,1275,4,0,0.0,0.0,,0.0,0,0,0.0,,,,,,0.0,,0.0,0.0,0.0,0.0,0.0,0.0,0.0,78,155
191404326689136,SPM|Hand and Foot Print Kit|Phrase|EV,No Portfolio,ENABLED,3,2400,374,7,1.8717,40.72,5.82,108.88,0,0,0.0,0.0,,0.0,,0.0,0.0,,1.7,-40.72,0.06,0.0,0.0,0.04,-0.03,78,107
191133007078195,SPM|Finger|Paints|EV,No Portfolio,PAUSED,3,2400,7043,20,0.284,388.21000000000004,19.41,55.12,0,0,0.0,0.0,,0.0,,0.0,0.0,,16.18,-388.21000000000004,0.58,0.0,0.0,0.78,-0.31,78,38
1891799998362,SPM|Dabble|PlayDough|EV,No Portfolio,PAUSED,3,1875,98,1,1.0204,23.59,23.59,240.71,0,0,0.0,0.0,,0.0,,0.0,0.0,,1.26,-23.59,0.04,0.0,0.0,0.01,-0.02,78,124
193548631172297,SD audience tgt on finger paints - 3 colours,No Portfolio,PAUSED,3,900,3409,8,0.2347,25.66,3.21,7.53,0,0,0.0,0.0,,0.0,,0.0,0.0,,2.85,-25.66,0.04,0.0,0.0,0.38,-0.02,78,122
195661823815868,SPT | COMP | FLIP FLAP | EV,No Portfolio,PAUSED,3,1200,176,0,0.0,0.0,,0.0,0,0,0.0,,,,,,0.0,,0.0,0.0,0.0,0.0,0.0,0.02,0.0,78,155
199827147068449,SPM|Phrase|BabyCrayon|EV,No Portfolio,PAUSED,3,1275,14,0,0.0,0.0,,0.0,0,0,0.0,,,,,,0.0,,0.0,0.0,0.0,0.0,0.0,0.0,0.0,78,155
202163593914826,SPT COMP | EXACT | Imagimake1 | EV,No Portfolio,ENABLED,3,600,217,4,1.8433,26.259999999999998,6.56,121.01,0,0,0.0,0.0,,0.0,,0.0,0.0,,4.38,-26.259999999999998,0.04,0.0,0.0,0.02,-0.02,78,121
202985626991089,SPT|Colouring Page||EV,No Portfolio,PAUSED,3,1275,764,13,1.7016,158.01,12.15,206.82,0,0,0.0,0.0,,0.0,,0.0,0.0,,12.39,-158.01,0.24,0.0,0.0,0.08,-0.13,78,74
151643061741714,SD|Low Sessions | High Conversion|EV,No Portfolio,PAUSED,1,300,0,0,,0.0,,,0,0,0.0,,,,,,,,0.0,0.0,0.0,0.0,0.0,0.0,0.0,78,155
15677912205971,SPM|Phrase|Colouring Page|EV,No Portfolio,ENABLED,1,425,11,0,0.0,0.0,,0.0,0,0,0.0,,,,,,0.0,,0.0,0.0,0.0,0.0,0.0,0.0,0.0,78,155
157241051545486,SPM|Phrase|Glue|EV,No Portfolio,PAUSED,3,1275,44,0,0.0,0.0,,0.0,0,0,0.0,,,,,,0.0,,0.0,0.0,0.0,0.0,0.0,0.0,0.0,78,155
159756310600623,SPT|Colouring Page|EV,No Portfolio,ENABLED,3,1800,258,5,1.938,61.14,12.23,236.98,0,0,0.0,0.0,,0.0,,0.0,0.0,,3.4,-61.14,0.09,0.0,0.0,0.03,-0.05,78,99
157959813730539,SPM|Glue|Phrase|EV,No Portfolio,PAUSED,3,1275,27,0,0.0,0.0,,0.0,0,0,0.0,,,,,,0.0,,0.0,0.0,0.0,0.0,0.0,0.0,0.0,78,155
176506582166182,spt | comp | FunBlast Store | ev,No Portfolio,ENABLED,2,600,2,0,0.0,0.0,,0.0,0,0,0.0,,,,,,0.0,,0.0,0.0,0.0,0.0,0.0,0.0,0.0,78,155
176984985432208,SPM|Phrase|HighIS|Fingerpaint|EV,No Portfolio,ENABLED,1,425,8,0,0.0,0.0,,0.0,0,0,0.0,,,,,,0.0,,0.0,0.0,0.0,0.0,0.0,0.0,0.0,78,155
178785673020912,SPM|CrayonPhrase|HighIS|EV,No Portfolio,ENABLED,2,850,8,0,0.0,0.0,,0.0,0,0,0.0,,,,,,0.0,,0.0,0.0,0.0,0.0,0.0,0.0,0.0,78,155
175284729942534,SPT|Flip Flap|EV,No Portfolio,PAUSED,3,1275,39,0,0.0,0.0,,0.0,0,0,0.0,,,,,,0.0,,0.0,0.0,0.0,0.0,0.0,0.0,0.0,78,155
167306344691053,SPM | phrase | Finger paint  mix | ev,No Portfolio,ENABLED,3,1275,114,3,2.6316,70.19,23.4,615.7,0,0,0.0,0.0,,0.0,,0.0,0.0,,5.51,-70.19,0.1,0.0,0.0,0.01,-0.06,78,97
172460400563162,SPT|B0CV1653HN||Market Basket Analysis|EV,No Portfolio,ENABLED,3,900,16,0,0.0,0.0,,0.0,0,0,0.0,,,,,,0.0,,0.0,0.0,0.0,0.0,0.0,0.0,0.0,78,155
281300911958416,SPM|Exact|FingerPaint|New|EV,No Portfolio,ENABLED,3,1275,38,0,0.0,0.0,,0.0,0,0,0.0,,,,,,0.0,,0.0,0.0,0.0,0.0,0.0,0.0,0.0,78,155
348337395626859,SD_On Competitors_EV,Finger Paints,PAUSED,3,1500,728,0,0.0,0.0,,0.0,0,0,0.0,,,,,,0.0,,0.0,0.0,0.0,0.0,0.0,0.08,0.0,78,155
279062816688209,SPM | PHRASE | CRAYON | EV,No Portfolio,ENABLED,3,1200,5392,19,0.3524,111.85,5.89,20.74,0,0,0.0,0.0,,0.0,,0.0,0.0,,9.32,-111.85,0.17,0.0,0.0,0.6,-0.09,78,87
262173269138228,SPM|FingerPaint|NewKW|EV,No Portfolio,ENABLED,3,1200,900,8,0.8889,154.08,19.26,171.2,0,0,0.0,0.0,,0.0,,0.0,0.0,,12.84,-154.08,0.23,0.0,0.0,0.1,-0.12,78,76
271054170893709,SPM|Exaxt|Bubble|EV,No Portfolio,PAUSED,3,1275,29,0,0.0,0.0,,0.0,0,0,0.0,,,,,,0.0,,0.0,0.0,0.0,0.0,0.0,0.0,0.0,78,155
327546802363585,SPM|PT|Beeswax Crayons|PT|EV,Crayons EV,PAUSED,3,1200,450,1,0.2222,12.25,12.25,27.22,0,0,0.0,0.0,,0.0,,0.0,0.0,,1.02,-12.25,0.02,0.0,0.0,0.05,-0.01,78,136
322214371124558,SP_PT_Fevicreate_EV,Finger Paints,PAUSED,1,500,0,0,,0.0,,,0,0,0.0,,,,,,,,0.0,0.0,0.0,0.0,0.0,0.0,0.0,78,155
321162675604576,SP|PT|Comp|Map|EV,MAP,PAUSED,3,1275,136,0,0.0,0.0,,0.0,0,0,0.0,,,,,,0.0,,0.0,0.0,0.0,0.0,0.0,0.02,0.0,78,155
320096851298962,SPM | Phrase | Painting Art Canvas | EV,Finger Paints,PAUSED,2,600,3,0,0.0,0.0,,0.0,0,0,0.0,,,,,,0.0,,0.0,0.0,0.0,0.0,0.0,0.0,0.0,78,155
312963056484974,SPCT | Refine | Finger Paint | EV,Finger Paints,PAUSED,3,4500,502,1,0.1992,9.96,9.96,19.84,0,0,0.0,0.0,,0.0,,0.0,0.0,,0.22,-9.96,0.01,0.0,0.0,0.06,-0.01,78,141
291837356167536,ST CT | Flip Flap | EV,Flip Flap,PAUSED,3,1575,1181,7,0.5927,29.560000000000002,4.22,25.03,0,0,0.0,0.0,,0.0,,0.0,0.0,,1.88,-29.560000000000002,0.04,0.0,0.0,0.13,-0.02,78,120
294032070490990,SPM_Non_toxic paints,Finger Paints,PAUSED,3,1200,59,3,5.0847,25.09,8.36,425.25,0,0,0.0,0.0,,0.0,,0.0,0.0,,2.09,-25.09,0.04,0.0,0.0,0.01,-0.02,78,123
298366136066434,SPM Brand KW/exact evits,MIX,PAUSED,3,1350,14,0,0.0,0.0,,0.0,0,0,0.0,,,,,,0.0,,0.0,0.0,0.0,0.0,0.0,0.0,0.0,78,155
275984104233374,SD|PR|EV,No Portfolio,ENABLED,2,800,48,0,0.0,0.0,,0.0,0,0,0.0,,,,,,0.0,,0.0,0.0,0.0,0.0,0.0,0.01,0.0,78,155
27686010860469,SPT | COMP | FINGER PAINT | EV,No Portfolio,ENABLED,3,1200,1468,5,0.3406,29.75,5.95,20.27,0,0,0.0,0.0,,0.0,,0.0,0.0,,2.48,-29.75,0.04,0.0,0.0,0.16,-0.02,78,119
274665725007226,SD|Crayon|EV,No Portfolio,ENABLED,3,1500,2480,3,0.121,37.46,12.49,15.1,0,0,0.0,0.0,,0.0,,0.0,0.0,,2.5,-37.46,0.06,0.0,0.0,0.28,-0.03,78,111
275156148338722,SPM|Phrase|B0CTHWVRJY|Dabble|EV,No Portfolio,PAUSED,2,1000,13,0,0.0,0.0,,0.0,0,0,0.0,,,,,,0.0,,0.0,0.0,0.0,0.0,0.0,0.0,0.0,78,155
264272327799221,SPT SELF | EXACT | FINGER PAINT | EV,No Portfolio,ENABLED,3,600,16,0,0.0,0.0,,0.0,0,0,0.0,,,,,,0.0,,0.0,0.0,0.0,0.0,0.0,0.0,0.0,78,155
263574403012949,SPM|Magic Paint Dust |Phrase|EV,No Portfolio,PAUSED,3,1275,644,5,0.7764,36.69,7.34,56.97,0,0,0.0,0.0,,0.0,,0.0,0.0,,2.88,-36.69,0.05,0.0,0.0,0.07,-0.03,78,113
256413311197457,SPM | PHRASE | Preschool art and craft kit | EV,No Portfolio,ENABLED,3,1050,3012,13,0.4316,91.48,7.04,30.37,0,0,0.0,0.0,,0.0,,0.0,0.0,,8.71,-91.48,0.14,0.0,0.0,0.33,-0.07,78,93
257129658512024,SPM | PHRASE | GLUE | EV,No Portfolio,ENABLED,3,1200,35,0,0.0,0.0,,0.0,0,0,0.0,,,,,,0.0,,0.0,0.0,0.0,0.0,0.0,0.0,0.0,78,155
430603660145796,SPT|Comp|Mix|EV,Finger Paints,PAUSED,3,2100,1114,5,0.4488,40.370000000000005,8.07,36.24,0,0,0.0,0.0,,0.0,,0.0,0.0,,1.92,-40.370000000000005,0.06,0.0,0.0,0.12,-0.03,78,109
42470785252011,SPM | PHRASE | FINGER PAIND AND BRUSH | EV,No Portfolio,PAUSED,3,1200,1892,5,0.2643,37.1,7.42,19.61,0,0,0.0,0.0,,0.0,,0.0,0.0,,3.09,-37.1,0.06,0.0,0.0,0.21,-0.03,78,112
424566667830225,SPM|Broad|Crayons|EV,Crayons EV,ENABLED,3,1200,10,0,0.0,0.0,,0.0,0,0,0.0,,,,,,0.0,,0.0,0.0,0.0,0.0,0.0,0.0,0.0,78,155
417778091214825,SPM Crayon kw/phrase evits,Crayons EV,PAUSED,3,4500,3459,2,0.0578,13.77,6.88,3.98,0,0,0.0,0.0,,0.0,,0.0,0.0,,0.31,-13.77,0.02,0.0,0.0,0.38,-0.01,78,134
407135301168055,SPM_Crayon (Focused),Crayons EV,PAUSED,3,2400,2502,14,0.5596,120.69,8.62,48.24,0,0,0.0,0.0,,0.0,,0.0,0.0,,5.03,-120.69,0.18,0.0,0.0,0.28,-0.1,78,86
40728313544829,sd | purchase remarketing | ev,No Portfolio,ENABLED,3,3000,273,1,0.3663,6.59,6.59,24.14,0,0,0.0,0.0,,0.0,,0.0,0.0,,0.22,-6.59,0.01,0.0,0.0,0.03,-0.01,78,147
398929024024547,SPM|Finger Paints|TOS|EV,Finger Paints,ENABLED,3,1800,250,0,0.0,0.0,,0.0,0,0,0.0,,,,,,0.0,,0.0,0.0,0.0,0.0,0.0,0.03,0.0,78,155
401811448251433,SPT|Dino|Stencil DIY |EV,Stencil,PAUSED,3,1500,8,0,0.0,0.0,,0.0,0,0,0.0,,,,,,0.0,,0.0,0.0,0.0,0.0,0.0,0.0,0.0,78,155
384672449138272,SPM|Crayon|ToddlerKW|EV,Crayons EV,ENABLED,3,1800,590,0,0.0,0.0,,0.0,0,0,0.0,,,,,,0.0,,0.0,0.0,0.0,0.0,0.0,0.07,0.0,78,155
383333671737797,SPM | Phrase | Finger Paint | Toddler KW | EV,Finger Paints,ENABLED,3,900,2646,9,0.3401,169.07,18.79,63.9,0,0,0.0,0.0,,0.0,,0.0,0.0,,18.79,-169.07,0.25,0.0,0.0,0.29,-0.13,78,71
386094103151385,SPPT Low selling Asins on Top selling Asins evits,MIX,ENABLED,3,2250,208,2,0.9615,21.84,10.92,105.0,0,0,0.0,0.0,,0.0,,0.0,0.0,,0.97,-21.84,0.03,0.0,0.0,0.02,-0.02,78,127
385681463251727,SPM|PT|Starter Painting Fun Pack|EV,Finger Paints,ENABLED,3,600,255,0,0.0,0.0,,0.0,0,0,0.0,,,,,,0.0,,0.0,0.0,0.0,0.0,0.0,0.03,0.0,78,155
34317093851237,SPT|Crayon||EV,No Portfolio,ENABLED,3,1500,2230,4,0.1794,30.16,7.54,13.52,0,0,0.0,0.0,,0.0,,0.0,0.0,,2.01,-30.16,0.04,0.0,0.0,0.25,-0.02,78,118
36174721960859,SPM | PHRASE | DINO STENCIL | EV,No Portfolio,ENABLED,3,1200,64,0,0.0,0.0,,0.0,0,0,0.0,,,,,,0.0,,0.0,0.0,0.0,0.0,0.0,0.01,0.0,78,155
376052058590065,SPT| Starter Painting Fun Pack|EV,Finger Paints,PAUSED,3,2775,146,7,4.7945,93.45,13.35,640.07,0,0,0.0,0.0,,0.0,,0.0,0.0,,3.37,-93.45,0.14,0.0,0.0,0.02,-0.07,78,91
376909993254211,SPM|Exact|Crayon|Search Performance|EV,Crayons EV,PAUSED,3,600,332,0,0.0,0.0,,0.0,0,0,0.0,,,,,,0.0,,0.0,0.0,0.0,0.0,0.0,0.04,0.0,78,155
344257502916404,SPM|PlayDough|Organic Rank-2|EV,Play Dough,PAUSED,3,1500,229,0,0.0,0.0,,0.0,0,0,0.0,,,,,,0.0,,0.0,0.0,0.0,0.0,0.0,0.03,0.0,78,155
343269127329807,SPM | Phrase | Bubble | EV,Bubbles EV,ENABLED,3,900,708,5,0.7062,32.76,6.55,46.27,0,0,0.0,0.0,,0.0,,0.0,0.0,,3.64,-32.76,0.05,0.0,0.0,0.08,-0.03,78,116
346831860454384,SPA|Loose|fEV,MIX,PAUSED,3,1500,24002,35,0.1458,141.29000000000002,4.04,5.89,0,0,0.0,0.0,,0.0,,0.0,0.0,,9.42,-141.29000000000002,0.21,0.0,0.0,2.66,-0.11,78,81
476068278695542,SPT|COMP|Starter Painting Fun Pack|EV,Finger Paints,ENABLED,3,7500,836,8,0.9569,137.18,17.15,164.09,0,0,0.0,0.0,,0.0,,0.0,0.0,,1.83,-137.18,0.2,0.0,0.0,0.09,-0.11,78,83
478799210489673,SPA_Combos_brush_evits,Brush,PAUSED,3,600,11183,38,0.3398,163.82999999999998,4.31,14.65,0,0,0.0,0.0,,0.0,,0.0,0.0,,27.3,-163.82999999999998,0.24,0.0,0.0,1.24,-0.13,78,73
457849298361429,SPT|FingerPaints|Comp|EV,Finger Paints,ENABLED,3,5400,257,1,0.3891,4.06,4.06,15.8,0,0,0.0,0.0,,0.0,,0.0,0.0,,0.08,-4.06,0.01,0.0,0.0,0.03,-0.0,78,152
465006842425907,SPA_Close_Jupiter Sale,MIX,PAUSED,3,1050,14837,43,0.2898,343.87,8.0,23.18,0,0,0.0,0.0,,0.0,,0.0,0.0,,32.75,-343.87,0.51,0.0,0.0,1.65,-0.27,78,41
465213237078364,SP_PT_Paintbrushes_Alternate Purchase,Brush,PAUSED,3,900,230,4,1.7391,58.32,14.58,253.57,0,0,0.0,0.0,,0.0,,0.0,0.0,,6.48,-58.32,0.09,0.0,0.0,0.03,-0.05,78,100
451444588145435,SB|Stencil|Ev,Stencil,PAUSED,3,600,782,7,0.8951,82.97,11.85,106.1,0,0,0.0,0.0,,0.0,,0.0,0.0,,13.83,-82.97,0.12,0.0,0.0,0.09,-0.07,78,95
45038153420172,SPM|Phrase|Bubble|EV,No Portfolio,ENABLED,3,1275,416,1,0.2404,3.86,3.86,9.28,0,0,0.0,0.0,,0.0,,0.0,0.0,,0.3,-3.86,0.01,0.0,0.0,0.05,-0.0,78,153
444606167193508,SP|PT|B096WGCRL3|Comp|EV,MIX,PAUSED,3,900,81,1,1.2346,6.38,6.38,78.77,0,0,0.0,0.0,,0.0,,0.0,0.0,,0.71,-6.38,0.01,0.0,0.0,0.01,-0.01,78,148
456114220616727,SPT|Doms Finger Paints|EV,Finger Paints,PAUSED,2,3400,4,0,0.0,0.0,,0.0,0,0,0.0,,,,,,0.0,,0.0,0.0,0.0,0.0,0.0,0.0,0.0,78,155
444516563288243,SPT|PlayDough|Lattoland&PepPlay|EV,Play Dough,PAUSED,3,1500,1959,24,1.2251,220.88,9.2,112.75,0,0,0.0,0.0,,0.0,,0.0,0.0,,14.73,-220.88,0.33,0.0,0.0,0.22,-0.18,78,62
434559981709809,SPT Comp. | Finger Paint | EV,Finger Paints,PAUSED,2,1600,11,0,0.0,0.0,,0.0,0,0,0.0,,,,,,0.0,,0.0,0.0,0.0,0.0,0.0,0.0,0.0,78,155
43772916710120,SPM | PHRASE | Unicorn Stencil | EV,No Portfolio,ENABLED,3,1050,42,0,0.0,0.0,,0.0,0,0,0.0,,,,,,0.0,,0.0,0.0,0.0,0.0,0.0,0.0,0.0,78,155
434873441648837,SPT|Non-Toxic Finger Paints Pack Of 3|Comp|EV,Finger Paints,PAUSED,3,1200,521,7,1.3436,141.4,20.2,271.4,0,0,0.0,0.0,,0.0,,0.0,0.0,,11.78,-141.4,0.21,0.0,0.0,0.06,-0.11,78,80
531233961055732,SPCT | Paint Brush | EV,Brush,PAUSED,3,600,284,0,0.0,0.0,,0.0,0,0,0.0,,,,,,0.0,,0.0,0.0,0.0,0.0,0.0,0.03,0.0,78,155
530692336771591,SPM | Phrase | Finger Paint | Clolour KW | EV,Finger Paints,PAUSED,3,600,4516,25,0.5536,268.26000000000005,10.73,59.4,0,0,0.0,0.0,,0.0,,0.0,0.0,,44.71,-268.26000000000005,0.4,0.0,0.0,0.5,-0.21,78,56
529319334663227,SPM finger Paints KW/Phrase evits,Finger Paints,PAUSED,3,600,1392,3,0.2155,44.55,14.85,32.0,0,0,0.0,0.0,,0.0,,0.0,0.0,,7.42,-44.55,0.07,0.0,0.0,0.15,-0.04,78,104
520168155591740,SPM|Branded|Exact|PlayDough|EV,Play Dough,ENABLED,3,1500,1482,8,0.5398,124.02,15.5,83.68,0,0,0.0,0.0,,0.0,,0.0,0.0,,8.27,-124.02,0.18,0.0,0.0,0.16,-0.1,78,85
486570888420330,SPT|Bubble|Comp|EV,Bubbles EV,ENABLED,3,1500,81,1,1.2346,8.37,8.37,103.33,0,0,0.0,0.0,,0.0,,0.0,0.0,,0.56,-8.37,0.01,0.0,0.0,0.01,-0.01,78,143
486880556606586,SPA_Non Toxic Glue,Non Toxic Glue,ENABLED,3,600,907,0,0.0,0.0,,0.0,0,0,0.0,,,,,,0.0,,0.0,0.0,0.0,0.0,0.0,0.1,0.0,78,155
497848209454975,SPA_All In One_EV,MIX,PAUSED,3,450,555,3,0.5405,19.63,6.54,35.37,0,0,0.0,0.0,,0.0,,0.0,0.0,,4.36,-19.63,0.03,0.0,0.0,0.06,-0.02,78,130
514020847273341,SPM|Exact|PlayDough|1EV,Play Dough,PAUSED,3,1500,465,3,0.6452,41.519999999999996,13.84,89.29,0,0,0.0,0.0,,0.0,,0.0,0.0,,2.77,-41.519999999999996,0.06,0.0,0.0,0.05,-0.03,78,106
48634121504600,SPT|B09F3DTZDF|Market Basket Analysis|EV,No Portfolio,ENABLED,3,1275,14,0,0.0,0.0,,0.0,0,0,0.0,,,,,,0.0,,0.0,0.0,0.0,0.0,0.0,0.0,0.0,78,155
481395911109105,SPM|Crayon|SearchtermImpressionshare|EV,Crayons EV,PAUSED,2,1000,338,2,0.5917,23.27,11.64,68.85,0,0,0.0,0.0,,0.0,,0.0,0.0,,2.33,-23.27,0.03,0.0,0.0,0.04,-0.02,78,125
480922830906173,SPT|New Launch on Top|EV,MIX,ENABLED,3,1500,300,0,0.0,0.0,,0.0,0,0,0.0,,,,,,0.0,,0.0,0.0,0.0,0.0,0.0,0.03,0.0,78,155
545131917929283,SP_PT_Finger Paint_Alternate Purchase,Finger Paints,PAUSED,3,900,258,2,0.7752,6.33,3.16,24.53,0,0,0.0,0.0,,0.0,,0.0,0.0,,0.7,-6.33,0.01,0.0,0.0,0.03,-0.01,78,150
58231345972563,SPA | SUBSTITUTE | CRAYONS | EV,No Portfolio,PAUSED,1,300,0,0,,0.0,,,0,0,0.0,,,,,,,,0.0,0.0,0.0,0.0,0.0,0.0,0.0,78,155
56452777781572,SPT|B096WD8RC2|Market Basket Analysis|EV,No Portfolio,ENABLED,3,1275,7,0,0.0,0.0,,0.0,0,0,0.0,,,,,,0.0,,0.0,0.0,0.0,0.0,0.0,0.0,0.0,78,155
541682884716773,SPM | Phrase | Finger Paint | Non Toxic KW | EV,Finger Paints,PAUSED,3,900,66,0,0.0,0.0,,0.0,0,0,0.0,,,,,,0.0,,0.0,0.0,0.0,0.0,0.0,0.01,0.0,78,155
540883582083443,SPM|Phrase|Crayonss|EV,Crayons EV,ENABLED,1,425,2,0,0.0,0.0,,0.0,0,0,0.0,,,,,,0.0,,0.0,0.0,0.0,0.0,0.0,0.0,0.0,78,155
7902791986626,SBV | PT COMP | PLAYDOUGH KIT | EV,No Portfolio,ENABLED,3,900,1435,4,0.2787,38.099999999999994,9.52,26.55,0,0,0.0,0.0,,0.0,,0.0,0.0,,4.23,-38.099999999999994,0.06,0.0,0.0,0.16,-0.03,78,110
71699999463624,SPT|B0CTHWVRJY|Market Basket Analysis|EV,No Portfolio,ENABLED,3,2250,1187,11,0.9267,185.39,16.85,156.18,0,0,0.0,0.0,,0.0,,0.0,0.0,,8.24,-185.39,0.28,0.0,0.0,0.13,-0.15,78,66
67520618520942,SPM|Phrase|Stencil|EV,Stencil,PAUSED,3,1200,120,2,1.6667,9.18,4.59,76.5,0,0,0.0,0.0,,0.0,,0.0,0.0,,0.76,-9.18,0.01,0.0,0.0,0.01,-0.01,78,142
6300601943430,SPT|Brush Set|EV,No Portfolio,PAUSED,3,1200,405,0,0.0,0.0,,0.0,0,0,0.0,,,,,,0.0,,0.0,0.0,0.0,0.0,0.0,0.04,0.0,78,155
62185874403739,SPT|B0B1DT53X9|Market Basket Analysis||EV,No Portfolio,ENABLED,2,700,12,0,0.0,0.0,,0.0,0,0,0.0,,,,,,0.0,,0.0,0.0,0.0,0.0,0.0,0.0,0.0,78,155
82756575493820,SPM|Dabble|CrayonSEL-MFN-DC08|EV,No Portfolio,PAUSED,2,850,22,0,0.0,0.0,,0.0,0,0,0.0,,,,,,0.0,,0.0,0.0,0.0,0.0,0.0,0.0,0.0,78,155
82378655260785,SPM|Apron|EV,No Portfolio,ENABLED,3,1275,459,6,1.3072,46.19,7.7,100.63,0,0,0.0,0.0,,0.0,,0.0,0.0,,3.62,-46.19,0.07,0.0,0.0,0.05,-0.04,78,103
80687361895683,SPM|Phrase|high CTR|FingerpaintEV,No Portfolio,PAUSED,3,1275,9,0,0.0,0.0,,0.0,0,0,0.0,,,,,,0.0,,0.0,0.0,0.0,0.0,0.0,0.0,0.0,78,155
86884225172261,SPM|MaxCoverage|Finger paint|EV,No Portfolio,ENABLED,3,1275,1536,6,0.3906,14.86,2.48,9.67,0,0,0.0,0.0,,0.0,,0.0,0.0,,1.17,-14.86,0.02,0.0,0.0,0.17,-0.01,78,132
83950023728403,SPM|Phrase|My ABC Trace & Colour Kit |EV,No Portfolio,ENABLED,3,1275,131,1,0.7634,13.96,13.96,106.56,0,0,0.0,0.0,,0.0,,0.0,0.0,,1.09,-13.96,0.02,0.0,0.0,0.01,-0.01,78,133
87156513273619,SPT|All in one paint kit||EV,No Portfolio,PAUSED,3,2925,252,1,0.3968,16.74,16.74,66.43,0,0,0.0,0.0,,0.0,,0.0,0.0,,0.57,-16.74,0.02,0.0,0.0,0.03,-0.01,78,131
91048989197574,SPM | PHRASE | FLIP FLAP | EV,No Portfolio,PAUSED,3,1200,32,0,0.0,0.0,,0.0,0,0,0.0,,,,,,0.0,,0.0,0.0,0.0,0.0,0.0,0.0,0.0,78,155
91272998336683,SPT | COMP | CRAYON | EV,No Portfolio,ENABLED,3,1200,127,0,0.0,0.0,,0.0,0,0,0.0,,,,,,0.0,,0.0,0.0,0.0,0.0,0.0,0.01,0.0,78,155
92623729540566,SPM | PHRASE | Gift combo pack | EV,No Portfolio,ENABLED,3,1200,103,0,0.0,0.0,,0.0,0,0,0.0,,,,,,0.0,,0.0,0.0,0.0,0.0,0.0,0.01,0.0,78,155
93589837215410,SPM|HighIS|Phrase|FingerPaint|EV,No Portfolio,ENABLED,2,850,16,0,0.0,0.0,,0.0,0,0,0.0,,,,,,0.0,,0.0,0.0,0.0,0.0,0.0,0.0,0.0,78,155
97842557108414,SPM|My First Puzzle|EV,No Portfolio,PAUSED,2,850,10,0,0.0,0.0,,0.0,0,0,0.0,,,,,,0.0,,0.0,0.0,0.0,0.0,0.0,0.0,0.0,78,155
